SET SEARCH_PATH TO ticketschema;

INSERT INTO Owner (owner_id, name, phonenumber) VALUES
(1, 'The Corporation of Massey Hall and Roy Thomson Hall', '416-872-4255'),
(2, 'Maple Leaf Sports & Entertainment', '416-815-6000');

INSERT INTO Venue (venue_id, name, city, address, owner_id) VALUES
(1, 'Massey Hall', 'Toronto', '178 Victoria Street', 1),
(2, 'Roy Thomson Hall', 'Toronto', '60 Simcoe St', 1),
(3, 'ScotiaBank Arena', 'Toronto', '40 Bay St', 2);

INSERT INTO Seats (seat_id, seat_name, venue_id, section, mobility) VALUES
(1, 'A1', 1, 'floor', true),
(2, 'A2', 1, 'floor', true),
(3, 'A3', 1, 'floor', true),
(4, 'A4', 1, 'floor', false),
(5, 'A5', 1, 'floor', false),
(6, 'A6', 1, 'floor', false),
(7, 'A7', 1, 'floor', false),
(8, 'A8', 1, 'floor', true),
(9, 'A9', 1, 'floor', true),
(10, 'A10', 1, 'floor', true),
(11, 'B1', 1, 'floor', false),
(12, 'B2', 1, 'floor', false),
(13, 'B3', 1, 'floor', false),
(14, 'B4', 1, 'floor', false),
(15, 'B5', 1, 'floor', false),
(16, 'B6', 1, 'floor', false),
(17, 'B7', 1, 'floor', false),
(18, 'B8', 1, 'floor', false),
(19, 'B9', 1, 'floor', false),
(20, 'B10', 1, 'floor', false),
(21, 'C1', 1, 'balcony', false),
(22, 'C2', 1, 'balcony', false),
(23, 'C3', 1, 'balcony', false),
(24, 'C4', 1, 'balcony', false),
(25, 'C5', 1, 'balcony', false),
(26, 'AA1', 2, 'main hall', false),
(27, 'AA2', 2, 'main hall', false),
(28, 'AA3', 2, 'main hall', false),
(29, 'BB1', 2, 'main hall', false),
(30, 'BB2', 2, 'main hall', false),
(31, 'BB3', 2, 'main hall', false),
(32, 'BB4', 2, 'main hall', false),
(33, 'BB5', 2, 'main hall', false),
(34, 'BB6', 2, 'main hall', false),
(35, 'BB7', 2, 'main hall', false),
(36, 'BB8', 2, 'main hall', false),
(37, 'CC1', 2, 'main hall', false),
(38, 'CC2', 2, 'main hall', false),
(39, 'CC3', 2, 'main hall', false),
(40, 'CC4', 2, 'main hall', false),
(41, 'CC5', 2, 'main hall', false),
(42, 'CC6', 2, 'main hall', false),
(43, 'CC7', 2, 'main hall', false),
(44, 'CC8', 2, 'main hall', false),
(45, 'CC9', 2, 'main hall', false),
(46, 'CC10', 2, 'main hall', false),
(47, 'row 1, seat 1', 3, '100', true),
(48, 'row 1, seat 2', 3, '100', true),
(49, 'row 1, seat 3', 3, '100', true),
(50, 'row 1, seat 4', 3, '100', true),
(51, 'row 1, seat 5', 3, '100', true),
(52, 'row 2, seat 1', 3, '100', true),
(53, 'row 2, seat 2', 3, '100', true),
(54, 'row 2, seat 3', 3, '100', true),
(55, 'row 2, seat 4', 3, '100', true),
(56, 'row 2, seat 5', 3, '100', true),
(57, 'row 1, seat 1', 3, '200', false),
(58, 'row 1, seat 2', 3, '200', false),
(59, 'row 1, seat 3', 3, '200', false),
(60, 'row 1, seat 4', 3, '200', false),
(61, 'row 1, seat 5', 3, '200', false),
(62, 'row 2, seat 1', 3, '200', false),
(63, 'row 2, seat 2', 3, '200', false),
(64, 'row 2, seat 3', 3, '200', false),
(65, 'row 2, seat 4', 3, '200', false),
(66, 'row 2, seat 5', 3, '200', false),
(67, 'row 1, seat 1', 3, '300', false),
(68, 'row 1, seat 2', 3, '300', false),
(69, 'row 1, seat 3', 3, '300', false),
(70, 'row 1, seat 4', 3, '300', false),
(71, 'row 1, seat 5', 3, '300', false),
(72, 'row 2, seat 1', 3, '300', false),
(73, 'row 2, seat 2', 3, '300', false),
(74, 'row 2, seat 3', 3, '300', false),
(75, 'row 2, seat 4', 3, '300', false),
(76, 'row 2, seat 5', 3, '300', false);


INSERT INTO Concert (concert_id, name, venue_id, date_and_time) VALUES
(1, 'Ron Sexsmith', 1, '2022-12-03 19:30:00'),
(2, 'Womens Blues Review', 1, '2022-11-25 20:00:00'),
(3,'Mariah Carey - Merry Christmas to all', 3, '2022-12-09 20:00:00'),
(4, 'Mariah Carey - Merry Christmas to all', 3, '2022-12-11 20:00:00'),
(5, 'TSO - Elf in Concert', 2, '2022-12-09 19:30:00'),
(6, 'TSO - Elf in Concert', 2, '2022-12-10 14:30:00'),
(7, 'TSO - Elf in Concert', 2, '2022-12-10 19:30:00');

INSERT INTO Price (ticket_id, concert_id, section, price) VALUES
(1, 1, 'floor', 130),
(2, 1, 'balcony', 99),
(3, 2, 'floor', 150),
(4, 2, 'balcony', 125),
(5, 3, '100', 986),
(6, 3, '200', 244),
(7, 3, '300', 176),
(8, 4, '100', 936),
(9, 4, '200', 194),
(10, 4, '300', 126),
(11, 5, 'main hall', 159),
(12, 6, 'main hall', 159),
(13, 7, 'main hall', 159);

INSERT INTO Users (username, name) VALUES
('ahightower', 'Alicent Hightower'),
('d_targaryen', 'Daemon Targaryen'),
('cristonc', 'Criston Cole');

INSERT INTO Purchase (username, ticket_id, date_and_time, quantity) VALUES
('ahightower', 3, '2022-11-24 10:00:00', 1),
('ahightower', 4, '2022-11-24 10:00:00', 1),
('d_targaryen', 1, '2022-11-24 10:00:00', 1),
('d_targaryen', 13, '2022-11-24 10:00:00', 1),
('cristonc', 5, '2022-11-24 10:00:00', 1),
('cristonc', 9, '2022-11-24 10:00:00', 2);
